{"budget":28.800000000000118,"pragmatic_value":-24.87166428137323,"free_energy":0.7148057363511675,"uncertainty":0.3151376615575052,"target_temp":20,"_wandb":{"runtime":0},"room_temp":15.1093380795044,"belief_mean":15.194931153717423,"_timestamp":1.765891990745177e+09,"_step":111,"outside_temp":0.0017583391508950719,"heater_on":1,"epistemic_value":-0.6706550314409988,"step_reward":-0.5,"in_comfort_zone":0,"total_penalties":35,"time":299,"_runtime":0,"total_rewards":12.600000000000009}