{"budget":-0.1999999999998796,"_timestamp":1.765891994250848e+09,"pragmatic_value":-116.80923630225462,"outside_temp":34.90107400411002,"belief_mean":34.81137489124763,"time":178,"room_temp":34.82041932604552,"total_rewards":18.600000000000023,"step_reward":-0.5,"heater_on":0,"_step":178,"epistemic_value":0.1800734214212769,"target_temp":24,"uncertainty":0.02334960847777623,"free_energy":-0.9426434258007204,"_wandb":{"runtime":0},"_runtime":0,"total_penalties":58.5,"in_comfort_zone":0}