{"_step":178,"epistemic_value":0.1800734214212769,"belief_mean":34.81137489124763,"_timestamp":1.765891947234144e+09,"step_reward":-0.5,"pragmatic_value":-116.80923630225462,"total_rewards":18.600000000000023,"uncertainty":0.02334960847777623,"room_temp":34.82041932604552,"free_energy":-0.9426434258007204,"heater_on":0,"target_temp":24,"in_comfort_zone":0,"_runtime":0,"_wandb":{"runtime":0},"outside_temp":34.90107400411002,"budget":-0.1999999999998796,"time":178,"total_penalties":58.5}