{"_runtime":0,"_timestamp":1.765891781620471e+09,"_wandb":{"runtime":0},"outside_temp":34.90107400411002,"total_rewards":18.600000000000023,"pragmatic_value":-116.80923630225462,"epistemic_value":0.1800734214212769,"in_comfort_zone":0,"free_energy":-0.9426434258007204,"step_reward":-0.5,"time":178,"belief_mean":34.81137489124763,"room_temp":34.82041932604552,"heater_on":0,"total_penalties":58.5,"budget":-0.1999999999998796,"_step":178,"uncertainty":0.02334960847777623,"target_temp":24}