{"Pragmatic Value (Extrinsic)":-0.7703377781255034,"Target Temp":24,"_wandb":{"runtime":63},"Comfort Percentage":39.05579399141631,"Homeostatic Cost (Comparison)":96.81848713247089,"Value at State V(s)":-0.4648407022533302,"_runtime":63,"TD Error":-0.4791537335551541,"Outside Temp":35.6318458652054,"_step":233,"Total Rewards":27.300000000000043,"step":233,"Agent Budget":0.09238576502552331,"Total Penalties":71.5,"sim_time":615,"_timestamp":1.768907927336155e+09,"Sampling Rate (dt)":2,"Step Reward":-0.5,"Heater On":0,"Room Temperature":33.849291990519085}