{"total_rewards":1.5,"_runtime":0,"in_comfort_zone":0,"_timestamp":1.765891945348572e+09,"time":299,"_wandb":{"runtime":0},"belief_mean":0.20604172502639329,"uncertainty":0.3012861163366174,"_step":111,"pragmatic_value":-395.32382158621937,"heater_on":0,"budget":11.800000000000002,"total_penalties":53.5,"epistemic_value":-0.6649233725686028,"target_temp":20,"step_reward":-0.5,"free_energy":0.845167059986099,"outside_temp":0.0017583391508950719,"room_temp":0.11321678894126759}