{"budget":28.800000000000118,"belief_mean":15.194931153717423,"target_temp":20,"outside_temp":0.0017583391508950719,"epistemic_value":-0.6706550314409988,"uncertainty":0.3151376615575052,"free_energy":0.7148057363511675,"room_temp":15.1093380795044,"in_comfort_zone":0,"_wandb":{"runtime":0},"_runtime":0,"step_reward":-0.5,"_step":111,"total_penalties":35,"total_rewards":12.600000000000009,"pragmatic_value":-24.87166428137323,"heater_on":1,"time":299,"_timestamp":1.7658919435285802e+09}