{"step_reward":-0.5,"uncertainty":0.3012861163366174,"_wandb":{"runtime":0},"time":299,"heater_on":0,"free_energy":0.845167059986099,"_runtime":0,"_timestamp":1.765891992490651e+09,"target_temp":20,"belief_mean":0.20604172502639329,"total_penalties":53.5,"pragmatic_value":-395.32382158621937,"outside_temp":0.0017583391508950719,"_step":111,"epistemic_value":-0.6649233725686028,"total_rewards":1.5,"budget":11.800000000000002,"in_comfort_zone":0,"room_temp":0.11321678894126759}