{"total_penalties":35,"target_temp":20,"free_energy":0.7148057363511675,"step_reward":-0.5,"heater_on":1,"pragmatic_value":-24.87166428137323,"total_rewards":12.600000000000009,"room_temp":15.1093380795044,"_step":111,"budget":28.800000000000118,"epistemic_value":-0.6706550314409988,"outside_temp":0.0017583391508950719,"_runtime":0,"_timestamp":1.765891778277878e+09,"time":299,"in_comfort_zone":0,"uncertainty":0.3151376615575052,"_wandb":{"runtime":0},"belief_mean":15.194931153717423}